22982	252479
23560	35963
91734	42526
HUMAN00037	42526
22884	42218
10531	35475
2665	34264
84991	3355114
22944	40242
509	43507
79746	36926
26019	31724
55526	43689
55176	33905
57118	43792
55388	35390
22929	36587
8559	42285
9397	38909
8516	36693
80013	32885
9317	41116
6251	34774
8029	326235
1787	34632
9200	34614
8027	34505
221078	40507
221079	38931
64215	32902
23412	31856
5305	3885565
219670	38322
2572	38484
23590	43697
10006	41718
84930	45969
HUMAN00670	35546
22931	44360
143098	36176
84569	37340
84569	37341
119180	37340
119180	37341
3799	36810
3688	44885
56288	32703
HUMAN00836	35420
8325	40090
9790	39904
55454	36079
253725	37331
100287932	3355096
5599	44801
1103	42249
6572	42795
55753	39899
100652748	3355096
100652748	3355096
387680	37331
56624	43618
5592	44817
65217	43528
7019	42433
80114	34946
983	34411
9886	40249
84890	38901
26091	38151
55680	43277
1763	31934
26128	33714
6832	40543
56681	42615
5464	37922
64106	43253
55222	32156
1979	33569
8879	46059
219699	36703
HUMAN01581	36044
54541	39270
HUMAN01604	41707
10367	33999
90550	59223
5033	43620
11319	38291
23234	41346
51021	36570
9632	33409
118487	50139
23053	50356
8509	38736
818	43828
7414	31201
132	39479
338599	32888
HUMAN01770	32888
7417	34500
84858	34847
83938	318582
3778	42940
9231	34573
11128	32524
6229	37589
10105	39573
10105	32595
4143	48552
81619	33838
27069	40898
27069	32041
94233	42261
2746	42832
9060	40167
84896	44021
5728	43991
142910	34450
142910	41643
643414	34450
643414	41643
340654	34463
340654	34451
3988	34463
3988	34451
53354	46234
10556	44392
80351	43095
9044	41943
54708	40556
3416	40248
54536	42499
118924	34781
159371	41375
64318	40870
142827	41477
5832	40443
7093	42945
56889	38635
6585	36746
23223	32320
5223	43447
5223	46246
51013	34548
84287	43268
64210	40626
80019	40647
118812	40627
2805	36782
81894	43353
51076	41877
1355	37809
55280	36208
282991	39234
9033	40116
9033	31246
6319	117369
6319	41536
25956	35877
4714	31604
84545	37750
81855	40552
8945	42504
25911	38095
10360	43560
10724	42518
30819	43126
79591	41060
9221	40433
8729	36337
79176	33705
79004	40967
10121	41566
51684	41565
403	42580
118980	40080
22978	32822
729020	35692
6877	47900
9148	41085
9644	43654
9748	37893
9446	38975
9446	38974
9446	38973
9446	38972
119391	38975
119391	38974
119391	38973
119391	38972
159686	43269
159686	3355174
7511	35029
120	37230
10285	7354399
9126	32627
27250	32337
8036	42093
57678	43350
51703	40056
64429	39057
64429	41522
143187	38085
840	43514
374354	3355145
55088	39810
3983	261629
26033	43315
119548	31532
6571	3346192
118987	32157
8661	40563
10935	42109
2869	49045
7073	42848
22876	42545
79892	33976
196051	40672
2263	42160
11101	37288
64376	41073
36	40059
9184	43490
4942	40145
HUMAN03300	33504
399818	33504
54764	41179
1488	41602
26098	38997
7390	41908
7390	31817
56647	41690
92565	40539
8038	3772109
1793	42817
55844	47877
3632	326119
10844	32946
1892	36536
92170	42697
60626	31874
5719	42802
HUMAN03560	34607
3265	41140
10522	40164
64787	33268
64787	42050
6888	37804
79751	41448
6181	36855
5441	42942
66005	34115
161	33211
9024	39732
387264	5740714
387264	3346142
387266	33954
440023	5740831
1509	45268
7136	32794
6150	38302
7054	38746
4676	37798
833	36784
114879	42412
4928	42816
27315	33258
391	43319
6240	34392
196120	32973
390031	32973
441584	32973
143506	32973
390033	32973
84067	48421
6609	37884
23647	41353
26515	3772213
26515	3772213
3611	53573
8642	33245
63875	38046
8495	39524
8665	40587
9866	44235
6157	33654
23258	38178
440026	32737
10527	44747
7465	33965
HUMAN04603	41427
9646	38149
55031	38644
55742	32990
7003	32536
10418	36333
22800	38494
1315	32820
5682	34359
5682	34726
6207	34149
5286	39329
3746	33599
26297	33332
7166	38121
2965	36598
7251	39881
144110	43492
10196	41837
57084	33427
8424	36481
8424	44620
8424	32399
55327	43003
196074	41278
120526	40686
196294	32505
26610	33775
5954	38145
10480	36565
55346	31520
1479	3354994
55226	31811
847	40048
51074	32334
7189	31746
8539	35053
51144	31703
2132	3772101
55343	40981
9409	40293
8525	31826
392	39385
9793	41952
4038	32552
84364	40487
53	48445
8567	32442
91252	43533
5702	42805
5913	43800
4722	38378
114971	42807
23788	38026
HUMAN05871	34549
6749	37767
26519	37478
219537	32872
HUMAN06067	36494
51075	37249
23220	31589
5007	42985
54948	31150
27339	37123
54972	31555
643834	326263
643847	326263
5222	326263
1642	41611
51524	33826
51259	41035
51259	41036
HUMAN06433	36103
HUMAN06433	35797
54949	36103
54949	35797
747	32343
746	39882
2237	36887
2495	32260
80150	32488
1937	44791
23193	49953
80789	41674
51035	38888
5436	261631
79064	36134
10482	43944
6811	34966
54663	35536
283238	42338
25923	42934
79829	43500
HUMAN06791	34384
10963	33202
83707	318833
HUMAN06837	41403
5331	33204
2101	38912
51504	40343
25824	3771951
9379	42646
5837	33386
7536	43912
4221	33991
10938	41569
23130	38344
402	40993
HUMAN07004	40993
29901	39096
738	37156
741	326127
84447	43747
740	32242
823	37232
823	39165
23649	43278
HUMAN07121	43278
5977	35485
283130	43311
57410	43508
10524	31362
1072	37841
254122	34126
80198	31044
9158	DROME17601
9092	34608
84285	319046
8815	34095
55690	42843
81876	42524
25855	32243
65003	41757
246330	42821
HUMAN07399	40996
HUMAN07406	38780
582	38780
254359	59171
254359	37565
254359	43113
89	31166
9973	46035
6712	32746
9986	44002
22992	41090
156	3355013
338692	37199
5499	49260
5499	42922
5499	48531
374403	41390
6199	38654
57175	35596
9049	32144
9600	32340
4723	33852
222	45398
4728	44207
53838	31368
4041	44279
1374	36109
8500	249072
2017	42491
55191	32328
3846	170876
55298	32765
55004	40193
HUMAN08062	39052
5870	34636
7351	33832
7352	33832
51400	39032
283209	35923
387787	40565
9789	32095
408	53554
6188	42761
80168	35720
4647	34882
92105	31793
79053	31623
57558	36361
79731	36909
26011	40464
26011	32183
5547	35316
27314	33988
51585	36658
1740	32083
8726	34611
51501	38192
10873	47173
65084	41010
65084	318744
65084	41009
26973	42874
120114	40191
56935	40504
28970	261663
28970	38124
HUMAN08803	42175
9440	42175
4361	34565
54851	34874
51503	53435
55693	35744
390245	35744
143686	37755
143684	39069
8898	33845
329	39753
84259	40231
79659	35073
414301	32616
60496	317852
2977	43493
143884	32490
HUMAN09140	37585
54734	31684
8065	43434
38	31695
1662	32742
5962	31816
5519	2768940
79796	43031
79796	43031
1737	34021
26521	32081
5805	35292
4684	31364
9183	47874
25996	42811
84811	42931
8882	31851
23387	32256
5049	32529
HUMAN09593	35652
HUMAN09593	38788
HUMAN09593	2769008
9354	33932
10632	46069
10632	34054
4297	41737
143941	39507
372	45250
23187	32698
11181	45368
1656	34364
6230	41343
51399	34197
10525	31215
55823	317987
3014	318855
3014	318855
3014	318855
3014	318855
3014	318855
3014	318855
3014	318855
3014	318855
3014	318855
3014	3772346
3014	318855
3014	318855
3014	318855
3014	3772346
3014	318855
3014	318855
3014	3772346
3014	318855
3014	318855
3014	318855
1798	34711
25988	47718
64137	33636
219899	36072
84959	42840
3312	41840
219855	37427
3703	33082
1111	34993
83480	37531
29118	3354919
6734	47251
55572	35575
28960	40711
84623	31290
4798	41072
29068	44505
50863	5740816
4978	33925
4978	33793
4978	7354433
4978	40831
4978	43417
112936	31144
5927	33837
HUMAN10362	41568
65125	41256
144699	37602
79602	42656
93589	36526
654429	39453
2288	47762
7004	32536
56341	41295
57102	43386
9918	43491
2597	35728
2597	32545
HUMAN10678	40170
1108	40170
51147	34752
8078	38375
HUMAN10804	43582
2026	33351
113246	33403
11331	46038
10436	31387
10162	40093
9746	43824
5830	31141
HUMAN10988	2768881
255308	41843
55110	37402
5545	40101
4040	44279
51202	35379
55729	36133
8360	41773
8360	41773
8360	41773
8360	41773
8360	41773
8360	41773
8360	41773
8360	41773
8360	41773
8360	41773
8360	41773
8360	41773
8360	3772129
8360	41773
8360	3772129
8360	41773
8360	41773
8360	41773
8360	41773
8360	41773
8360	41773
55766	318855
55766	318855
55766	318855
55766	318855
55766	318855
55766	318855
55766	318855
55766	318855
55766	318855
55766	3772346
55766	318855
55766	318855
55766	318855
55766	3772346
55766	318855
55766	318855
55766	3772346
55766	318855
55766	318855
55766	318855
51729	31259
397	40179
2059	33268
2059	42050
11171	37727
51071	36358
4257	44110
4257	32438
28234	37545
28234	37544
HUMAN11555	37545
HUMAN11555	37544
10599	37545
10599	37544
79912	35296
51026	318095
2998	41823
HUMAN11607	45880
9847	42904
55500	32585
586	32297
144363	50459
3845	41140
3709	40664
55726	41971
9412	3354977
23012	40165
60488	38345
51290	31001
10526	44747
1663	31072
160518	38178
636	35051
10059	33445
51067	37965
84920	326193
144245	326193
225	43772
283464	43008
10138	37601
51135	43283
5756	41719
196528	35560
79657	43958
HUMAN12265	36060
HUMAN12327	43529
9416	35112
85478	37606
7480	DROME03262
7471	34009
50846	42737
55716	42956
10376	41183
7846	41183
79962	32683
10445	38478
25766	33513
91010	39561
7009	38936
144233	38538
362	36236
29127	36538
41	37566
41	43485
41	32671
41	318213
6602	32268
2819	33824
91012	50392
57609	252479
613227	41359
4891	42490
25875	38984
51411	36383
9498	34005
60673	32871
1975	3355041
8435	41033
5204	42647
60314	41078
8086	31881
6667	32353
5094	40436
6895	34751
23583	42078
3178	43385
3178	48535
HUMAN13169	39862
53831	140439
121355	5740817
5153	34594
3679	32275
2647	246439
29095	40404
84305	37780
1017	42453
5869	33418
6821	32878
6231	35098
5036	38645
23344	42929
140465	31474
HUMAN13434	31474
6601	41942
10193	39735
283375	39626
HUMAN13477	35568
1431	31579
10330	36046
9924	35893
8914	41615
27165	36396
506	43829
10728	41173
5557	38942
4035	35799
4141	37177
114785	32392
10540	44086
3798	36810
115557	36930
6302	43241
1594	36105
4234	31176
10102	35060
121227	36788
23041	326157
57460	33140
283417	32854
2799	36487
2799	246425
11197	31617
253827	41309
23426	50391
55832	34403
5908	38244
57122	34481
1368	32652
11052	38937
4069	36798
4069	38129
4069	38127
4069	38130
4069	38125
4069	38128
8089	33973
10576	31838
5787	31425
55266	39501
23011	3355163
3747	33599
11103	33269
4673	37798
114882	42412
23390	39747
4659	49070
79611	42901
8499	249072
84190	3772719
160335	33276
160335	33455
160418	37401
1848	40081
282809	39502
100528030	246627
8693	246627
490	43787
7334	34849
7334	32358
55967	33443
10988	34294
6636	36314
4048	35146
121441	35130
5250	37297
5250	39587
64431	32514
55681	43423
246213	33427
160728	37294
160728	326229
27340	37570
400	39745
55332	31177
51019	34097
79023	43040
5053	38871
51559	35984
7184	43354
50515	326156
160428	35407
23325	32594
255394	31520
55703	36289
55188	31874
11137	36150
11153	33897
23479	41059
HUMAN15222	35596
55530	37830
84749	31519
32	35761
283446	38153
83892	35488
89910	39035
4598	3772247
51228	32475
9815	36122
88455	37199
488	49297
HUMAN15372	31594
10094	41917
10094	32696
51184	40857
51699	33295
144715	40054
160760	38177
5501	49260
5501	42922
5501	48531
160762	42024
6311	41883
8315	42302
217	34256
10961	37206
80018	42389
6128	43723
5781	45278
22895	32002
1840	31589
387885	35205
387885	35206
79039	326208
115811	36327
115811	40803
80024	35858
9904	39119
HUMAN15658	43906
4842	34495
283455	40660
5985	34423
5037	40779
51347	32948
64426	32954
84530	37306
92558	39537
11021	33014
10985	3355040
6175	40451
23409	31480
1337	37728
51499	246461
51499	246460
283459	3772218
8655	33319
84274	32272
9921	38181
51367	39915
9761	35375
35	42364
121665	43128
51433	45574
84678	41090
283385	37041
144404	31270
3242	40263
5715	41672
22877	35402
HUMAN16019	32947
65082	32947
6249	35042
65117	32482
9735	43719
8562	32679
9026	39450
79720	40624
57605	32340
91574	246457
55206	32273
10959	31382
57696	40974
1967	43549
2967	33294
196385	43379
7316	38456
7316	326237
57647	31205
114795	31555
92293	31555
121256	31555
5901	44072
6433	31054
80324	42440
57634	45655
317781	39871
5426	42758
5827	38205
192111	37899
192111	31143
7278	40848
7278	40904
51084	32592
8100	35414
221143	33858
10284	41965
253832	36043
6445	31129
4285	35511
9107	37707
9818	42342
51761	36488
1024	39157
219333	42702
6144	35453
51082	35196
51371	35342
84056	53566
171222	37035
145173	33844
122042	43098
10129	39122
23047	36286
5983	34550
26960	44531
4081	44127
4081	31533
9201	3355134
29880	34134
122011	32221
7223	34991
51569	5740715
80209	19835738
80209	318737
57511	35953
10166	31990
11193	33264
79612	32934
23078	53434
387923	251645
55425	2768669
2963	41290
7178	41341
253512	39322
83548	33562
1361	31503
3936	32721
2098	42396
HUMAN17004	41067
29079	38799
5925	41941
81617	39858
3839	41158
57213	42158
79621	32323
115825	34425
540	32142
440138	40402
9724	39689
51028	39523
144983	43385
144983	48535
81624	35340
112267897	40767
647264	34470
57626	31873
22894	42900
7347	33397
115207	42475
23077	32429
64062	35235
54602	326197
2262	39013
10082	39596
10257	326161
10257	35163
10257	34148
10257	35366
10257	47905
10257	42362
5611	41161
55757	40055
5911	37850
HUMAN17436	40581
140432	42397
6564	31340
6564	31341
HUMAN17473	34030
9375	35335
87769	37989
84899	41867
259232	45338
7174	36444
2073	3772069
6555	32621
55082	34320
3981	32322
84945	44441
79587	36563
3621	42140
10426	48481
23250	32610
23250	32609
55795	39306
8451	35780
79774	41960
55208	39685
22821	39158
8881	42753
65110	37792
55644	39811
4860	38315
64745	34323
29986	35579
57447	37451
11198	38248
1603	34159
63874	35733
5018	39222
122704	35711
55147	33989
10419	36809
5693	45269
122706	318924
4624	35007
4625	35007
25983	33805
10202	38598
10901	38598
5106	37131
5106	37130
80344	37329
79711	59216
79711	59215
HUMAN18669	35151
4738	35151
5875	40617
161424	35664
56948	36400
1215	36036
23256	33434
29966	34096
25831	34378
25938	40950
394	32743
112399	40633
HUMAN19002	34126
1073	32861
11177	43751
6729	38593
9692	31568
9692	31568
HUMAN19088	45780
HUMAN19088	45780
253959	43242
84312	32243
89874	31020
10484	40694
HUMAN19161	40087
122553	41866
5411	31591
254170	39043
84075	33232
6235	41200
122769	34449
6166	34098
5427	38661
9147	43018
382	36699
6655	34790
79944	35156
27109	3772305
8814	33798
HUMAN19304	37203
51062	42934
5836	33386
114088	34453
81542	37775
HUMAN19364	35881
51637	42129
22795	36089
30001	38500
5706	31567
64841	43504
10979	39907
10979	38488
10175	34967
2764	34963
2643	37415
11169	36551
22863	43438
57161	42821
10640	42863
55860	32969
5684	36018
26520	32294
23002	31075
51528	43748
6252	33721
51635	326177
HUMAN19669	43481
4331	36130
57570	317953
122876	3355097
5529	43312
112840	36038
4522	41279
6710	32746
HUMAN19821	41989
2342	41989
4149	40095
2530	32122
10243	30973
51382	44702
1965	32617
384	46717
87	31166
55218	41374
2079	43951
55334	43786
6547	42481
51241	41851
10001	44728
9628	32674
8110	35485
58517	31481
79697	31374
83544	35962
51004	33777
957	33495
4329	30995
HUMAN20255	31499
10577	33374
122961	42926
9870	33377
51077	46032
1743	41360
83694	42187
8892	31256
97	5740441
97	34807
97	41910
HUMAN20380	31084
10972	42996
55640	35697
112752	34676
2103	38912
64207	32205
283576	59171
283576	37565
283576	43113
29954	31024
2954	41132
2954	41133
HUMAN20501	43521
10598	35426
9517	34910
8846	2768870
81892	41021
22938	31840
57143	37938
9369	42646
7253	42133
2957	43284
6400	42806
11099	33882
79882	42897
123016	33217
55775	33530
5700	42828
55051	32455
805	36329
145567	48387
55671	41675
53981	43426
123041	3354990
55148	35044
HUMAN20929	42310
57062	37296
23405	42693
51218	32410
55102	38344
51527	40458
7443	43228
84193	31638
123096	34390
7453	45399
5527	42169
1778	38580
3320	38389
91833	43218
9578	37858
1983	32566
1152	39041
115708	43170
HUMAN21449	39445
HUMAN21481	39445
7517	41746
23368	37422
122402	41919
374569	41208
374569	31351
388021	42838
122622	42466
3714	43275
256281	10178958
256281	43276
2972	42087
23241	42843
1397	35215
81614	34681
23191	41861
114791	32478
283767	39978
54551	33665
6638	34426
7337	39266
57194	2768929
2562	32554
4948	39471
8924	33035
728310	31435
56160	40860
7082	44448
89832	34304
89832	32928
54893	32408
1139	34304
1139	32928
6263	49090
56851	36767
161779	41055
51234	40505
9990	37800
55505	36135
9716	41437
161742	36643
283742	43132
440275	43709
6727	42436
644844	50196
644844	12797873
85455	44274
HUMAN22299	38979
27079	34440
5888	43577
55192	41351
84936	32533
57617	31118
54617	42314
11261	40695
23168	37554
3706	32285
26015	39413
100137047	39514
51332	38418
23339	42192
25963	33347
825	37232
825	39165
64397	42124
255252	31642
197131	32687
161823	41092
27229	34441
HUMAN22684	7354465
2923	36270
10169	8674030
25764	41708
4236	38256
84978	34398
8669	36037
6652	40836
6652	41313
90527	34872
9153	35914
7782	35513
58472	38514
283652	40551
50804	41138
6557	39410
9318	34225
2585	39031
56986	43472
79895	41469
9101	42509
HUMAN23090	37751
23312	31557
10681	31744
55930	35680
4644	35680
10776	39554
51187	41372
5873	31103
HUMAN23218	38446
4734	39958
374618	37928
HUMAN23276	42210
2958	42822
6095	36073
54832	35693
83660	38978
7168	41853
7168	41852
51065	43039
51762	40168
83464	33467
6642	33560
5479	37591
53944	49701
9325	33044
80119	33567
123263	43699
10845	42369
54878	42972
51495	34762
HUMAN23687	33300
10260	31800
84465	38218
5604	31872
6124	43349
4088	31738
145853	326250
91860	42465
10116	37344
26035	35569
9493	38515
6176	33214
79875	34435
10002	36702
123228	36339
5315	42620
25820	32796
55889	37524
123346	32599
585	36167
4756	36377
342096	37524
25989	41112
4351	41192
9377	41432
60490	246533
653641	37524
653643	37524
54939	3885643
55272	36976
1464	35104
92912	31214
2108	36252
5955	326150
3419	32940
23205	34822
23205	44117
HUMAN24527	41646
80349	41226
123688	35118
5685	37378
10933	41850
23423	32140
10588	37699
100528021	37699
54469	41114
2184	45577
9915	41612
58489	326251
161502	5740661
161502	42548
79631	39834
283726	42197
6218	39088
HUMAN24760	31381
6457	42265
57188	35424
23478	40815
9640	31430
9154	35914
5151	37741
26589	38230
HUMAN24900	44793
HUMAN24905	44793
11057	33532
55215	35895
5428	34792
374654	35653
8800	36758
290	43444
HUMAN25005	43943
374655	38817
390637	39097
4122	41126
374659	43456
55898	44910
9055	32016
9055	32015
1106	33505
55784	37165
145814	251690
22856	32497
6627	35713
51728	3772344
8131	39550
55692	39956
398	40179
8312	43565
10573	33715
57799	32195
84326	50438
9028	38169
10273	34433
84219	43505
64428	3355011
63922	44637
51764	DROME04381
7329	33226
8938	38801
1186	36381
9742	33230
HUMAN25709	43905
10101	40282
3483	34823
3029	40299
81889	42505
254528	31705
4716	44228
6187	34309
10607	36019
HUMAN25798	37923
7249	40201
64223	31903
283871	39986
1632	34316
1632	34317
1632	34315
10921	41147
21	39971
21	33103
57465	35359
527	44307
527	317846
51005	33026
54442	31110
6923	42435
79228	39394
7752	43572
7752	40795
79903	39142
23059	33142
10131	35559
1387	43856
115	32485
51025	41937
100529144	31620
79585	31620
9093	48844
79641	39917
84656	192507
56052	42146
196483	32916
18	40188
25880	36457
5373	39436
23589	39875
7874	32169
146279	49952
146279	318228
146279	318228
4682	35000
23274	41992
9516	317952
51061	38932
2935	34658
2072	31373
23042	33108
123803	37147
54700	35454
255027	2768954
54820	39169
4629	38001
408050	36053
64131	38288
283820	36053
6210	36142
6210	44150
HUMAN26925	42027
23204	42027
23049	31625
10229	44007
51573	41997
HUMAN26990	41043
55623	38533
112479	37511
55567	38586
257629	36427
1428	32676
51108	37794
7385	39846
9956	32918
91949	43547
23062	31902
124454	39828
84516	34873
5347	40232
10595	42358
5579	48311
27327	43808
55114	42371
51451	34928
197370	33938
23214	47141
728689	37005
1201	39981
1201	39981
112869	37429
8663	37005
11273	41883
7284	44438
487	49297
548593	40578
4150	38012
10423	32506
9344	32948
226	43183
5531	45031
5595	3354888
11151	35596
HUMAN27800	3771915
548593	40578
10421	34432
22928	36587
HUMAN27892	32120
9810	38652
9739	32301
112755	42854
339105	246449
HUMAN27958	3346188
79001	3346188
84148	43378
1339	246451
HUMAN28015	43513
79801	35298
55737	37536
23594	36017
91807	32631
84706	32292
81533	39684
5257	34114
6477	39884
23090	36609
255919	39204
55027	40786
113	40180
124460	33466
HUMAN28225	43385
HUMAN28225	48535
5934	31027
64400	47272
10265	5740176
6530	36849
2775	36104
11051	39083
55239	19834718
9688	41804
9688	32350
6559	40663
9709	34065
80011	36988
57019	49424
57017	246650
5432	34796
92922	33910
84229	4379864
10300	32581
79650	41155
29105	34429
29070	33187
64785	31967
65009	37451
23019	5740252
2806	33373
7084	42273
1783	32057
8883	39244
57546	31683
51647	39221
865	38198
865	38202
80262	38943
29100	36759
51673	39813
9114	31342
81577	33356
10204	35101
10204	33078
23644	34541
3931	326109
3931	261623
6560	37800
54920	32377
55794	33254
23659	326109
23659	261623
54496	37664
54921	3885640
84916	39774
6645	40424
HUMAN29348	32777
27183	32777
84342	34571
64146	318700
64146	41282
51388	42963
146456	38698
28987	31943
55066	31377
16	34156
11269	3354919
HUMAN29472	3354919
55308	3354919
25839	34442
23450	38093
55697	41543
794	36905
10164	33914
6898	32381
HUMAN29604	38750
1723	41022
9785	32373
463	43795
5713	37894
2734	40382
55159	39874
79152	35670
79726	34540
9564	38021
124491	36137
79583	33771
23536	34787
3735	31904
85445	39387
HUMAN29830	39387
10143	53552
51741	34090
83657	36963
56942	7354380
2653	40349
5336	32601
10200	35382
3281	34655
8720	40399
23406	32865
55625	36757
51659	33641
10328	37635
1327	35279
1327	35491
64779	40559
54758	39437
8140	34624
161882	33225
124245	31662
4597	32520
9780	34112
9780	26067051
353	48224
51693	36197
863	37886
197322	31668
6687	31253
6137	34329
8558	36051
22980	38897
10381	37888
54849	39381
2622	31321
55275	33640
51031	33076
55178	40132
29928	318636
7531	42186
1398	43775
4641	38153
51763	36911
5306	42306
10594	36304
124997	34616
6117	40972
1801	39317
124641	42434
55720	40360
9905	318059
9905	33046
5048	36791
23277	36793
1497	42723
83460	42992
124936	31855
51479	3355072
7326	3355079
409	53554
5694	46058
5338	35554
50488	44030
8402	43483
2027	33351
9552	35323
HUMAN31064	36554
4927	41562
708	37006
56919	34357
51009	42005
23746	32144
84817	43938
284111	40049
284111	3772159
284111	3772456
HUMAN31214	3355016
HUMAN31214	37527
1742	32083
37	37217
1856	32078
11337	32001
23399	33107
1984	37846
84461	39558
9744	42735
254863	7354436
57555	34927
HUMAN31425	32100
1973	33835
9526	33717
112483	41832
482	35408
482	33953
482	33952
55135	33865
146754	3355181
124637	33637
1107	40170
58485	43590
9212	41446
5198	33847
399512	36567
399512	36568
399512	36566
HUMAN31688	40060
6154	40060
81565	39169
4628	38001
146849	35205
146849	35206
9423	32400
9423	32398
9482	39847
146845	38761
8735	35007
4626	35007
4622	35007
4619	35007
4620	35007
4621	35007
6341	33711
1770	42485
6416	41020
60528	36086
9955	32918
1352	34394
9953	32918
64518	49952
64518	318228
64518	318228
201158	39025
54902	35172
7314	31564
201163	38793
8533	40308
6720	40155
146691	39093
83450	34318
83450	3355180
91647	35399
1819	42343
51168	32028
3996	33156
2314	33110
6470	31524
654346	33163
51030	39025
5636	43637
27077	41888
11216	34957
284194	33163
23326	40030
25979	43502
8834	3772100
5606	32257
3768	42770
100134444	42770
8844	40660
3965	33163
51701	38890
90410	246616
7126	35488
26073	40655
9058	40049
9058	3772159
9058	3772456
9094	31664
94005	42979
9703	38395
6388	40637
6830	44000
9618	33638
2319	32425
57649	31571
57551	32948
124930	37199
84940	35596
6532	37895
642	31776
9527	248102
4763	43149
55813	31833
23512	48071
55288	42845
162494	38169
5717	36638
4642	34445
40	37566
40	43485
40	32671
40	318213
124842	31555
10693	32518
91603	43006
5892	35937
54475	33234
146862	44910
5193	33256
57151	246428
414059	36554
102724862	36554
101060321	36554
729877	36554
HUMAN33137	36554
9326	36728
284098	33425
284098	38220
79154	3355165
79154	32128
26574	33943
31	35761
6871	326128
11056	39979
101060351	36554
101060376	36554
101060389	36554
729873	36554
102723859	36554
729873	36554
5691	41079
8396	3885565
54883	33460
9349	37628
6143	37995
84961	36244
5469	40403
10948	37927
93210	35570
2064	37455
84299	50123
5709	35176
9862	38914
22794	43331
7153	35225
85289	170876
85291	170876
85280	170876
100507608	170876
10209	38398
115024	37875
317719	3354863
47	36760
HUMAN33728	34984
28511	35667
2648	39431
535	43442
4669	46386
80347	38647
6945	43293
7283	33501
7283	35199
27175	33501
27175	35199
8506	39387
2145	39203
84313	35847
28958	39320
8678	42850
10197	32274
2538	33476
80755	31318
HUMAN33984	31318
146923	31045
6155	43103
1659	36561
4356	36176
HUMAN34106	35343
124801	39167
124801	32167
92579	33476
10014	32278
51629	40915
51629	3772641
3674	32661
HUMAN34252	34241
9343	43358
4836	38909
79877	40846
752	39561
1394	36601
1394	36368
4905	41694
4905	47091
9570	38614
HUMAN34503	38614
996	38798
9520	38175
3837	35336
124995	33182
55163	40925
80279	246534
11267	42572
10642	32009
22834	37155
5245	49168
HUMAN34807	42510
6442	34135
1277	43930
64132	38288
51264	318825
80221	33766
64847	36593
8714	34686
51747	31602
9043	43905
HUMAN35025	43739
HUMAN35035	43739
51096	36831
56934	31687
56934	31915
84643	32049
1353	33776
3131	45588
23531	31656
8526	36408
59342	326163
59342	318050
59342	38083
124540	39919
51649	318977
404093	38243
6426	53443
6426	53443
140735	33319
6827	36387
9110	32589
645545	326166
55181	34484
388403	31949
1213	32537
51651	40814
81671	326232
6198	38654
84669	40169
10513	31593
342538	36409
57508	32745
9969	43906
339175	38197
HUMAN35525	34189
HUMAN35525	34805
10238	33131
57003	33573
11325	39218
117246	32568
5705	33105
6329	32619
2081	42358
64750	36999
10672	3355131
5578	48311
5718	40717
26207	37011
25926	40128
2186	44811
3838	34338
55062	35396
5573	40305
5608	32257
201266	36273
9382	41479
54549	31017
6169	3355144
64446	39318
HUMAN36057	43726
54868	40258
2905	31107
2232	36203
124590	36427
283987	36336
3396	34446
23510	31110
10476	42291
6613	33981
79902	37078
23163	31902
51081	34412
60386	41316
2885	36497
9772	33644
3993	33156
3021	31848
3021	31848
23558	39460
64978	32375
6730	39028
23265	38959
63893	42793
122455342	36941
122455342	38549
23210	42616
124512	41951
6427	53444
79157	41538
6397	33899
HUMAN36595	43808
125061	33907
332	42077
9489	42254
8632	42485
9267	35425
7077	41248
124583	41373
55036	5740691
9775	40987
6448	42266
284129	43561
57521	31543
79643	37581
25794	31717
55666	43091
9146	33458
6182	44326
1468	41640
5034	39651
396	40179
10189	44029
51529	5740853
5833	34716
HUMAN37130	42106
79058	3772658
5881	38831
5881	38146
51181	32880
5986	40314
2873	40063
64118	33190
2194	33524
2194	117361
1453	43673
284004	42178
56270	41074
10966	32195
6904	33389
9097	34387
HUMAN37392	40723
1068	3355126
7298	33499
10403	32316
9663	35790
103910	31554
339291	37903
4729	32740
57045	32160
57045	44510
10928	42484
9218	43926
8774	37842
8774	41239
63895	34112
63895	26067051
57132	40036
65258	34116
10939	39922
10650	44132
56984	42174
81929	35762
6093	43916
6632	44668
171586	35930
57534	39750
8780	33693
29919	38734
4864	34358
147463	33486
25925	36609
143471	32584
361	36236
HUMAN38022	43574
22878	40140
1837	36362
2589	326151
55197	38283
25800	38976
55250	36123
55034	33045
25941	39363
56853	39527
HUMAN38241	37733
6014	36776
57724	42256
498	37617
83473	31308
HUMAN38361	42749
124908022	42749
HUMAN38364	42749
51224	42749
84064	34155
51124	39235
51124	39235
4087	31738
54808	35897
6139	31613
6139	31613
10449	34313
4645	35680
30827	31880
4089	43725
1630	36377
5874	31103
9352	38646
23335	31155
2235	43757
4677	35194
23327	39958
90701	40815
3998	44679
23556	36049
2531	43043
9525	32777
54495	39775
29090	33772
125704	2768997
55748	35507
27164	34569
374868	34736
9150	37925
80148	34003
10907	33645
84552	32752
25759	44052
284451	42794
997	39691
5442	33285
10025	37535
57418	31146
5434	36160
513	31950
374291	43477
26528	43231
6209	36851
92840	36569
92840	43115
113179	37135
1455	49701
55643	42089
126308	34372
8943	44819
51690	35003
26517	4379884
26517	39327
2788	35881
6449	35052
2767	36384
56926	34388
83475	43740
51343	45922
10362	37407
58509	33043
1938	35422
51588	35927
5605	31872
51548	41254
6455	42265
80700	37148
91039	42972
55527	41816
5802	35259
6294	42958
25873	31009
9361	40138
56931	35264
126328	37385
8498	42804
81616	34822
81616	44117
8192	34402
84266	39335
2962	40790
8570	36889
9322	38534
7409	32920
92960	2768725
92960	42751
57192	40152
57192	40152
10908	31716
56949	36514
100131801	36995
126003	36641
115704	32088
10469	42298
4701	31190
4701	31190
6234	43564
6234	31897
51129	41912
9230	42501
51257	31592
94025	318097
59286	35592
5300	33111
56342	42502
8666	42422
8666	31243
51073	49425
HUMAN40629	39070
11140	38232
5141	31309
9817	42062
65095	39382
57153	43440
81890	33307
1785	45928
11018	32435
6597	39744
3949	2768687
3949	43105
57572	33165
115948	39345
5589	35056
1995	32245
51295	40732
84337	5740664
4125	34437
4125	34436
84292	34955
51398	38602
HUMAN41105	38917
30000	38721
439	35690
54831	39660
54831	39661
29911	35169
10535	33213
2639	33911
2193	31740
811	41166
5886	43785
90480	40395
55621	34656
8677	40373
81576	36789
84245	43713
54862	34543
5566	34284
5731	39966
10755	46027
3337	33308
3337	38643
9524	38457
4713	32434
4854	31293
11283	38841
11283	38311
4051	34036
7171	41853
7171	41852
117286	37363
26017	33647
8907	41150
58513	37961
10523	3346235
79939	33128
79041	32606
55850	39051
79016	318983
84705	42906
376497	26067068
376497	37657
25796	32013
79709	319025
23149	261329
3718	32080
6142	36985
115098	42286
HUMAN41885	31456
84769	317944
54858	251690
51477	35671
23770	37144
7311	33629
1311	33941
5976	32153
11316	33908
54555	35917
93436	37084
284439	42429
8625	34326
126382	5740468
23383	41830
HUMAN42171	31578
57130	34546
7757	43070
100287226	43070
7644	43070
7386	44390
10775	38889
HUMAN42392	40976
HUMAN42392	31119
9141	39776
390916	35231
11136	32397
85415	32531
55094	39535
5184	47769
26065	39430
2821	35886
84306	41540
10054	44496
55900	326139
10430	34965
1340	32989
55851	251430
4868	44129
4868	44097
84063	31290
HUMAN42888	34443
5438	41741
1155	37244
199704	41404
92285	41404
148266	34706
5714	39845
147965	43132
6261	49090
27335	37475
81	31166
3960	33163
1891	33016
3191	37254
22933	42414
HUMAN43319	318604
HUMAN43325	318604
6183	31228
390928	32019
9535	34963
54623	40593
HUMAN43389	45881
6217	37580
6829	53442
HUMAN43426	35437
2091	37662
HUMAN43472	39529
5704	32047
23646	35384
645	41197
92799	41207
79934	32239
6626	31442
53916	36992
53916	36992
7040	33474
90324	34139
HUMAN43749	41149
80776	10178891
56915	41270
593	41149
6223	32635
10567	36035
HUMAN43854	48971
478	48971
1954	34099
3991	37289
23474	36233
7515	31451
10452	35553
10452	44978
1209	33628
11129	42937
1158	39041
2068	37414
2067	36654
147699	38071
80207	42827
6633	40781
81492	37831
8189	40709
26145	32205
8993	35859
5536	49779
805	36329
79147	37375
1175	42525
2909	32743
10055	41532
9704	32933
6543	42481
8775	40233
29997	31810
3978	37791
10945	34427
83743	46662
9266	35425
6141	38794
770	31687
770	31915
27294	33421
2997	41823
10856	40092
6625	33982
57030	33427
23521	40687
6205	36321
51070	32819
58506	41377
3276	41295
160	33211
80199	34166
81857	42385
53635	42883
11284	40994
23636	36830
HUMAN45298	40997
5424	39746
126119	31560
93650	48445
90353	35920
402665	33925
402665	33793
402665	7354433
402665	40831
402665	43417
147645	43300
2109	43515
5518	2768940
388558	43069
342926	31977
26121	39655
79165	41261
79143	33900
6203	39108
HUMAN46130	32794
352909	37125
255043	43492
84446	39732
6158	38397
27338	32751
11338	32602
342933	42143
147949	246618
10597	39769
6193	32700
84878	48317
27243	43164
9040	38916
26155	35386
339451	37172
51150	42303
126792	35848
116983	42735
126789	4379908
54973	43506
80772	246587
55052	39477
219293	53565
83858	53565
55210	53565
29101	32973
HUMAN46890	35170
65220	36507
65220	36506
2782	32544
11079	43042
5192	38182
9731	35241
26038	40170
23463	39478
54626	43161
54626	43152
54626	43150
54626	43158
3104	37935
55735	36584
23261	35974
11315	36543
11315	43652
2023	33351
765	42965
155184	44269
6518	44269
80176	35478
5293	42446
22883	43824
64802	42987
23095	36876
5226	31185
5195	40294
23435	39665
HUMAN47436	39665
6723	41167
5394	41798
2475	47396
29914	34961
10459	40677
57085	318133
5351	39265
9927	31581
55187	39448
79180	35158
23341	3354941
84301	32616
284723	36567
284723	36568
284723	36566
440567	246560
440567	5740185
55707	2768881
9696	42860
9696	31350
6390	35590
55920	33850
8659	40434
23352	46243
51154	36058
832	33346
440574	50344
79594	38472
978	34123
978	34122
HUMAN47879	31849
1889	33005
3339	45320
998	32981
2046	43803
2048	43803
23028	40217
80818	41530
6920	34883
6135	37235
HUMAN48045	42749
57095	34675
11313	59176
2582	38076
3155	33978
HUMAN48121	39483
25949	36143
7780	34890
51042	31600
79947	31708
6195	33139
8289	42130
55650	19835383
54707	39504
10726	39879
23038	37073
84065	34121
199870	39069
6118	35364
27293	326184
22826	42812
83667	37755
54797	31140
1104	38669
54952	33652
51102	36540
9410	33180
2170	3772232
347735	39827
64129	37537
553115	36111
8073	34952
55116	36562
23633	40160
56063	35987
8668	33710
3065	38565
HUMAN48682	42551
5928	41836
8565	39829
204	37834
113451	35767
113451	35766
149076	33224
79932	38893
23154	40796
5690	34999
63967	326205
192670	36544
26523	36544
192669	36544
27285	37663
27095	39090
HUMAN48905	41440
29889	36989
79693	3772640
3633	31157
10946	40678
64121	35793
54933	44856
79647	38821
HUMAN48970	36542
353500	37778
8761	37070
10450	36984
656	37778
64064	38261
54802	192528
5538	31805
10269	36908
339559	36679
1503	39645
79717	42295
10465	35571
HUMAN49284	43691
149465	37582
991	34968
64834	40567
64834	40943
112950	37305
81888	31960
5792	35259
9670	42171
1802	41802
533	45247
55929	37339
79639	35503
6202	43532
266675	39660
266675	39661
8643	35851
8891	36722
7389	35986
3652	34719
23139	40391
8503	33203
110117499	33203
8438	33507
7388	246560
7388	5740185
64756	42020
51727	43165
84871	318558
1996	32245
11124	36769
26994	318246
114883	36028
4898	40316
4898	32143
112970	31160
91408	45827
200014	34543
84950	35934
65260	3355158
6342	44183
6342	35140
HUMAN49941	38355
54987	36459
55110	37402
7804	2768687
7804	43105
55706	42825
54432	32244
606495	32907
51253	41293
23648	42177
7268	35565
25973	38331
8613	35966
HUMAN50091	43904
55277	38473
51361	35169
83941	37443
7398	43462
85440	33165
29929	34409
5236	44010
4919	34367
57685	37298
3716	32080
205	41318
9829	40527
54741	246605
79819	38020
79819	38210
57708	35678
23169	39943
26135	34885
55970	35881
79971	39259
55631	41677
81573	37072
1491	37143
9406	37588
257194	36363
204962	43440
34	38864
5876	47757
10026	31163
HUMAN50472	36580
8880	36889
11080	33308
11080	38643
5567	34284
80135	34631
255231	40152
255231	40152
126820	38851
55283	40152
55283	40152
23576	32281
51100	37218
9403	39969
9653	44433
5586	35950
2959	34430
56267	41433
8317	35095
8317	31598
HUMAN50750	41844
11146	246652
7813	32088
6125	3355124
50999	32435
1810	34875
54874	38534
8412	33840
2730	248194
5825	32992
199857	32479
1806	31858
391059	36768
178	37435
163786	43555
54482	40782
1629	32441
8634	31175
148867	41342
51611	42663
10451	32920
29899	53569
6884	35297
6301	33518
1952	36125
5686	36951
271	32352
10768	38342
85369	38412
257	42495
3749	33599
64783	35756
10390	36496
1117	49815
1117	37390
1117	37392
27159	49815
27159	37390
27159	37392
79084	35289
515	39143
5906	38244
3752	40129
829	37387
333926	33140
9860	36788
10745	35583
51592	44235
10286	43348
4893	41140
7812	38963
10100	43127
81839	35922
476	48971
10905	31957
54834	59173
10885	42196
3283	39918
4853	31293
9554	31030
653519	36682
10623	41542
8799	36758
9939	35924
128077	34405
84265	39941
10628	38023
653519	36682
440689	3772299
440689	3772299
440689	3772299
440689	3772299
440689	3772299
440689	3772299
440689	3772299
440689	3772299
440689	3772299
440689	3772299
440689	3772299
440689	3772299
440689	3772299
440689	3772299
440689	3772299
440689	3772299
440689	3772299
440689	3772299
440689	3772299
440689	3772299
440689	3772299
440689	3772299
440689	3772299
653604	3772149
653604	3772149
653604	3772149
653604	3772149
653604	3772149
653604	3772149
653604	3772149
653604	3772149
653604	3772149
653604	3772149
653604	3772149
653604	3772149
653604	3772149
653604	3772149
653604	3772149
653604	3772149
653604	3772149
653604	3772149
653604	3772149
653604	3772149
653604	3772149
653604	3772149
653604	3772149
8360	41773
8360	41773
8360	41773
8360	41773
8360	41773
8360	41773
8360	41773
8360	41773
8360	41773
8360	41773
8360	41773
8360	41773
8360	3772129
8360	41773
8360	3772129
8360	41773
8360	41773
8360	41773
8360	41773
8360	41773
8360	41773
653604	3772149
653604	3772149
653604	3772149
653604	3772149
653604	3772149
653604	3772149
653604	3772149
653604	3772149
653604	3772149
653604	3772149
653604	3772149
653604	3772149
653604	3772149
653604	3772149
653604	3772149
653604	3772149
653604	3772149
653604	3772149
653604	3772149
653604	3772149
653604	3772149
653604	3772149
653604	3772149
653604	3772149
653604	3772149
653604	3772149
653604	3772149
653604	3772149
653604	3772149
653604	3772149
653604	3772149
653604	3772149
653604	3772149
653604	3772149
653604	3772149
653604	3772149
653604	3772149
653604	3772149
653604	3772149
653604	3772149
653604	3772149
653604	3772149
653604	3772149
653604	3772149
653604	3772149
653604	3772149
8360	41773
8360	41773
8360	41773
8360	41773
8360	41773
8360	41773
8360	41773
8360	41773
8360	41773
8360	41773
8360	41773
8360	41773
8360	3772129
8360	41773
8360	3772129
8360	41773
8360	41773
8360	41773
8360	41773
8360	41773
8360	41773
317772	318855
317772	318855
317772	318855
317772	318855
317772	318855
317772	318855
317772	318855
317772	318855
317772	318855
317772	3772346
317772	318855
317772	318855
317772	318855
317772	3772346
317772	318855
317772	318855
317772	3772346
317772	318855
317772	318855
317772	318855
51027	326121
10262	31558
11311	41153
23632	50102
51107	33467
54460	318249
9129	40172
1513	36973
58497	31194
79626	37751
6944	34516
5710	40388
8991	41610
5692	40639
81609	31493
65005	41859
11022	33401
6097	36073
114771	39064
23557	3772677
3608	41529
4881	41927
65123	3355010
9909	31800
10899	38235
6232	43039
91181	35512
7170	41853
7170	41852
9898	35771
57198	41469
55585	31214
10654	35255
6464	44052
1163	34250
1163	41034
127579	38019
127579	317977
149095	39492
HUMAN52484	3885575
200185	318747
7059	33941
HUMAN52533	41152
2629	318721
2629	42796
10067	32470
2224	36209
55154	33119
7818	37563
HUMAN52635	36776
6746	39768
56893	32977
28956	37122
4000	33782
4000	36615
9673	42950
23381	34804
7203	42029
128240	31944
54865	43692
51093	35753
79590	33703
5546	38201
3645	35181
375033	38218
55243	31290
25790	40467
93183	37470
477	48971
5824	34630
1314	38199
23385	42964
57216	35922
HUMAN53107	3771872
HUMAN53107	41570
5202	46121
51506	36762
5498	42939
4720	43798
84134	35553
84134	44978
6391	41340
11266	32963
9722	39111
6675	33903
4921	3346209
5087	32567
6258	31165
HUMAN53398	35174
7371	42894
117143	318991
117143	318992
8804	42092
25874	41157
261726	33018
481	35408
481	33953
481	33952
29922	41174
10560	34679
10560	41307
10560	41308
22920	32071
23215	32225
51603	35326
26052	45928
5279	38410
9588	33493
27252	53556
27101	31597
63931	117414
55103	36881
9917	41797
6646	41033
7827	2768889
5768	36464
5768	42583
84320	3771728
9213	38666
9213	32786
10228	40373
2752	32087
1660	35523
10092	33444
23179	44115
23127	319025
80267	34714
6045	43327
10216	33701
7175	36264
HUMAN53934	34420
51377	39102
79577	41086
8707	34105
5788	43469
23271	36978
7135	32794
55705	41367
10440	3355107
127829	40961
HUMAN54185	42513
4660	49070
127833	33473
10765	33837
5877	34142
51094	42656
HUMAN54233	249072
1116	49815
1116	37390
1116	37392
1118	49815
1118	37390
1118	37392
493	43787
100381270	33975
6635	34080
55224	32585
5287	39329
23114	31792
5929	40239
1510	34494
1510	30984
1939	64874
9261	44573
55432	38603
1378	35238
5362	43832
27042	37803
55733	44098
25896	39141
28982	35697
5784	33882
51133	41207
2104	38912
51018	41805
127018	41304
2058	42834
10380	43516
55699	39762
25782	34626
54996	36014
64757	36014
HUMAN54803	36014
84976	44274
7159	37422
4931	38824
29097	33520
80232	40386
149111	34967
3930	37482
6726	38883
2052	37182
2052	37181
2052	251984
9725	35779
29920	42106
3021	31848
3021	31848
64746	32983
286826	45960
142	3355109
5664	40260
5664	40260
56997	32239
8476	37858
375	40506
2987	39213
200205	41030
84033	43814
55746	42680
23456	30994
2590	33556
22796	41870
10753	37232
10753	39165
64801	318031
440730	34453
149371	43163
7257	41871
84284	40326
388753	7354420
359948	32205
9804	40189
23029	35027
9453	38816
6905	35532
6905	35532
4811	36089
56605	38500
3964	37140
55127	33960
88	31166
6262	49090
1131	37892
6000	32674
2271	31605
8564	35724
1122	37246
441925	42850
10000	41957
159	42466
51029	36138
116228	49762
3192	37146
84288	37278
64754	44554
51097	41521
51097	40623
79862	38733
1457	48448
140809	32768
9491	36277
2280	37214
55968	35674
6628	34426
10528	42633
3420	42586
64601	41107
64949	40001
22888	43611
3704	33718
8455	43315
54976	38964
80025	46234
5111	37290
8760	43950
56261	33597
51605	33920
HUMAN56047	49241
54675	43104
55612	39907
55612	38488
54363	3771779
23236	33204
5332	31376
6616	3355084
6616	41193
182	43275
55304	34910
55617	39757
51575	31083
79133	36552
5126	43215
11034	37841
57325	35113
10621	42619
HUMAN56244	41371
92675	41371
140856	32335
51126	32962
51340	31208
26074	37610
26074	246522
57186	43242
22803	33964
29107	37769
64412	44505
63908	40233
57136	43424
955	33495
5834	33386
26090	37200
9837	38136
81502	33227
100101490	31536
84701	35279
84701	35491
81572	36034
9777	34778
23509	36564
9371	39332
22919	35584
388795	26067056
51654	41271
9139	37886
128866	35933
8894	39433
191	32471
128869	34185
23054	33761
55902	40348
2937	32775
2937	32775
57644	35007
3692	37776
55245	38758
11190	42860
11190	31350
51614	39657
9054	34613
140823	39656
9584	33989
25980	42189
10398	31554
55969	35712
57446	37451
5933	31027
6185	37029
10904	38628
56259	41068
9675	41189
58490	38283
57148	31953
140679	36574
79913	42173
60625	33680
7150	32458
5335	32601
64900	35790
51098	33917
78997	38597
10955	39827
7529	36059
90196	41023
51604	31772
11065	44118
140825	37959
63935	40295
57468	37800
51006	38429
63916	34633
64849	40049
64849	3772159
64849	3772456
112858	38600
23613	43730
10564	34785
1434	35016
HUMAN57445	44087
23315	33167
7335	38613
387521	35300
84612	32752
8813	35240
27304	34187
10079	34736
5203	38615
1477	43734
51507	34477
655	37778
23626	2768853
8480	37467
55544	39049
5105	37131
5105	37130
9217	43926
8675	33034
HUMAN57669	33034
79716	41587
2778	37805
HUMAN57727	32607
514	326144
514	44046
51012	44132
5688	32584
26164	34154
9885	37825
11047	36545
3911	38723
6227	33487
28231	33927
54994	32852
63910	33650
55738	39417
HUMAN57939	31497
10139	31841
84619	34324
HUMAN57955	34324
140701	38519
54963	36953
24148	40064
6919	34883
102724159	36144
102724560	33081
7307	33201
102724652	37744
HUMAN58082	33429
4685	31364
54148	39627
522	42759
2551	43236
351	31002
29104	3771966
26046	40127
10069	246548
10694	35882
337882	50039
337970	50039
6647	39251
9875	42637
HUMAN58269	50169
56683	50169
8867	37517
94104	40842
757	38529
54943	33984
2618	33986
6453	35378
539	41845
64968	38535
54093	2768998
9980	37176
6493	43174
10311	40290
1859	34831
54014	42898
1826	35652
1826	38788
1826	2769008
9619	33636
102724560	33081
7307	33201
102724652	37744
8566	39066
56894	39820
56894	39819
7109	41833
5822	36144
5211	36060
386672	50424
7327	44054
6612	33981
104	31130
23275	31098
80781	38769
6573	34679
6573	41307
6573	41308
HUMAN58977	40436
23181	252479
51816	36627
51816	39975
51816	39976
529	40679
8214	3772583
HUMAN59140	3772583
5625	33117
8220	31780
6576	3772221
8218	32537
7290	36107
64976	41364
7353	39254
8318	31052
5413	32646
HUMAN59202	32646
54584	36259
10587	40475
128989	32319
85359	3772583
84861	33049
51586	33223
5297	31247
9342	37774
1399	43775
150209	35183
150209	31174
8216	31037
6545	40254
HUMAN59374	32839
HUMAN59374	5740847
23119	33343
7332	37035
23753	40637
23759	36820
29799	31949
5594	3354888
8940	31565
6598	40657
91319	42005
653689	33047
23384	31004
51733	40916
83606	31237
6634	36306
6634	36306
2678	32839
2678	5740847
129049	318059
129049	33046
157	3355013
402055	42180
24144	44238
4330	31771
23760	42306
23331	38966
11200	35288
150274	5740624
162	32987
8563	37810
8508	32573
4771	32979
29796	45401
84164	31261
10291	42048
23541	38074
51537	32776
266629	38074
284904	38074
23481	34287
150290	43575
23762	42985
91445	318245
4733	36288
23761	42849
9681	38176
51493	35220
7078	41248
10043	39093
4174	41296
4627	38001
25828	37268
8664	42789
8664	41475
5880	38831
5880	38146
4242	40314
26088	31902
23616	42371
57026	38358
23464	39333
51386	39386
85377	39475
84645	39033
5435	48312
8398	39160
25829	38185
HUMAN60556	43673
102800317	43673
3761	42770
HUMAN60578	DROME21182
56993	38459
9929	31560
9567	37080
10126	36303
6122	41347
9145	36533
112268293	5740834
112268293	50364
23112	43808
158	42051
27352	41834
10478	38532
6767	31335
6767	31335
63929	33017
9978	31014
2033	43856
5905	35223
HUMAN60797	44149
HUMAN60797	41326
84844	33909
171568	39310
5372	39436
2547	117419
4809	44173
6721	40155
4668	34355
4700	36159
27341	33843
1727	39336
267020	46069
267020	34054
26286	40487
11252	42467
25809	326203
27349	39910
706	33231
23170	35732
758	39129
25813	36675
29780	32990
23779	39385
23779	39385
10762	35784
7477	35975
150383	41031
55687	53546
9620	36125
64781	40640
23774	35648
79087	41191
414918	31450
6305	41427
55586	39391
52	3772179
129787	246418
54221	36848
7260	39426
55256	326189
246243	35746
246243	35746
6201	43594
57498	37433
129642	36045
51692	42240
6868	43558
6241	36280
3241	40186
4953	35767
4953	35766
79954	34839
10130	34976
130814	38517
9475	43916
23175	35790
1653	40457
81553	39206
79677	42876
57539	38219
60526	38150
51639	38720
50618	35378
391356	42014
109	35419
22979	35865
1838	36362
3797	39332
10890	33025
3030	34276
3032	37784
85465	34063
85465	326259
92749	31736
54978	41450
54867	34514
3795	40204
3795	39280
10113	33862
8884	37294
8884	326229
790	32640
4358	43831
8890	37706
9784	34354
5496	35492
29959	40710
26160	38282
HUMAN62043	31043
22950	42244
9553	50381
64080	31007
5500	44289
23160	35885
238	53425
51646	32295
30845	41569
7498	41605
51072	41601
6683	42846
57448	41260
55622	39998
25940	43132
9637	31179
6801	34096
54497	40950
253635	40871
10153	39240
55471	41349
23683	42203
25797	40270
64225	42934
HUMAN62326	37254
130589	38697
90957	32021
6654	34790
344387	33798
8491	37203
6546	42481
51626	34262
64240	42976
10128	35100
5495	43481
HUMAN62459	43481
6519	34598
6519	34597
6519	246565
6519	35828
6519	35826
6519	35830
6519	35825
79823	35309
55133	42669
5581	43428
9419	34306
57217	48387
805	36329
4436	34842
56660	42222
2956	39654
80204	41209
3973	42133
2492	42133
9378	42646
27248	34619
98	5740441
98	34807
98	41910
HUMAN62676	32746
57142	33721
6233	34420
4528	43382
112942	41676
57223	41675
87178	43710
150962	33178
5194	36462
9736	42935
7514	34167
10575	34674
10678	246409
23301	36912
4190	34414
7360	39065
51542	47942
57162	42821
10097	32623
200734	36643
4211	41273
116143	39997
56902	33033
5534	46456
5534	44317
2673	43373
2673	3354921
27247	2768875
27247	2768875
27247	2768875
64395	35864
11017	47457
6637	32636
HUMAN63167	37697
113419	37697
HUMAN63183	41863
10199	34184
400961	41591
56603	41486
23233	42499
6697	31781
10322	42517
84279	37647
10574	41054
HUMAN63274	36253
10617	43617
55233	42634
10797	47895
1639	39536
7841	32073
27429	41756
9801	41028
1496	40517
8802	38447
1768	32785
4144	48552
2677	38194
51255	42230
10713	32881
25885	36617
55037	36466
10989	42587
51652	40542
100526767	40542
64795	37382
9451	40653
22934	246599
64969	3355089
7549	41165
150696	38371
51011	42589
150763	43350
9391	36655
23020	39737
23397	35287
81562	42872
26504	5740320
51239	326173
54910	246538
151313	42589
1329	33918
10120	41566
23505	36761
3631	2768892
493753	50224
25972	41029
11320	39608
51601	36795
129531	246591
129531	38470
10190	41305
9669	44261
79031	39364
4862	38065
6160	35988
11138	40361
9448	44030
5455	32027
64965	40932
80146	38911
60482	42245
9648	41459
3987	40999
5903	43041
344558	36990
96626	40999
96626	40999
64682	32473
84172	33210
6574	39255
80255	36725
10096	38898
8886	42595
54520	36808
1622	34111
80775	3346177
5775	38059
79134	32908
23332	43901
7247	36110
129684	39387
339761	40037
HUMAN64613	39202
55679	40999
5433	14462484
56886	40055
9394	42380
HUMAN64701	41436
92856	43009
7278	40848
7278	40904
22930	33338
23190	38886
4175	31603
1615	36420
79712	32542
92	41772
5000	37970
3800	36810
26225	38931
114793	39561
55660	33513
114805	326151
2820	47611
HUMAN65155	43240
10213	33738
57282	34005
1803	44297
2191	44297
151258	35911
6328	32619
6326	32619
6335	32619
8708	246408
253782	50392
57818	33476
8647	36428
129880	40600
9360	43374
493911	32967
6741	35305
29081	40096
130507	31713
2571	38484
1781	318231
1781	318231
1781	26067076
1781	2768883
1781	318231
1781	2768886
1781	43984
1781	44160
8604	43616
8520	40716
254042	34428
3655	32275
11069	35588
HUMAN65607	31914
9541	40062
151556	39965
80856	35842
10651	40178
220988	43385
220988	48535
8540	36669
150737	34702
92104	34702
129831	38526
10477	34487
5136	34594
10787	40462
142679	4379907
129401	32851
55854	35850
54529	3355138
64172	32982
94101	40404
26275	41869
3628	41701
54842	36634
2744	36396
56171	35061
9330	36921
80055	31487
23451	33235
3329	33796
3329	32045
3336	39476
100529241	35576
25843	35576
92935	41733
79568	37996
HUMAN66293	40680
53938	36108
60491	34970
4999	41703
66008	45683
55437	3355135
57679	40410
8324	45307
51602	33966
55759	34488
65065	38505
10152	41718
4719	31762
1933	45249
7855	40090
3417	44291
200576	37033
285175	43324
6120	35692
4632	31474
2066	37455
22807	35770
26154	318066
471	42973
7520	34930
6168	44783
10109	35311
14	39624
58190	39748
9125	32966
7701	34701
617	34360
80326	DROME03262
3549	42737
10058	41925
79065	36821
79411	33839
79411	41457
8576	40872
29926	36730
55515	37566
55515	43485
55515	32671
55515	318213
79586	32259
130612	32988
2043	43803
10056	42888
2181	46068
57590	34425
65080	40656
8452	34896
55619	34030
56947	246596
112441428	40888
112441429	5740831
80704	34679
80704	41307
80704	41308
112441438	40886
112441432	40888
164781	43482
51719	39858
5707	43449
10316	41713
5147	34196
64708	35816
9470	326255
80303	35158
26058	43842
55054	326115
8527	5740362
54576	53508
54577	DROME09485
54577	53507
54577	42538
54578	DROME09485
54578	53507
54578	42538
54579	DROME09485
54579	53507
54579	42538
54657	DROME09485
54657	53507
54657	42538
54659	DROME09485
54659	53507
54659	42538
54658	DROME09485
54658	53507
54658	42538
HUMAN67649	53436
116987	34803
79781	41154
10920	49077
55502	43156
26146	41739
9759	32278
4705	42591
150678	50227
653437	36456
HUMAN67914	36456
547	36876
189	31587
130916	33422
5510	42091
3069	37116
4735	33114
23192	33283
1841	37062
84289	34752
728294	31184
10752	31792
27255	40553
152330	40553
51095	40707
51185	41230
285362	38022
3708	40664
55207	40961
375323	38251
7862	35648
4968	31806
8536	43792
10474	32787
10093	33864
HUMAN68349	33864
84522	40714
55831	34479
2177	2768674
55845	246497
HUMAN68472	44437
491	43787
6529	43805
10533	37141
132001	2768668
7079	41248
100129480	33414
5894	31221
6161	43573
23225	35512
79885	326120
7476	35975
131474	43579
79188	38881
27258	42842
80852	50391
51244	42181
64432	32395
131965	37018
26061	37285
HUMAN68754	318189
HUMAN68754	326238
HUMAN68754	31552
HUMAN68754	31551
285381	41352
5868	33418
8850	39431
7324	34487
28512	35667
6138	3354918
9975	40345
7155	35225
55768	35527
54995	40692
9497	34005
152100	34998
339896	34791
201595	43005
51143	32057
25904	41552
131405	44653
2720	33839
2720	41457
25827	36244
23122	43901
10015	43330
4292	35796
3680	37732
3680	36692
9942	42047
93	41772
9941	41321
6331	32619
6336	32619
57599	36199
3921	31106
10289	38398
9045	38983
1499	31151
22906	45683
92999	36170
HUMAN69470	41359
55129	32645
285343	38692
285343	31219
115560	33535
57456	7354428
7047	34093
51304	36757
23016	36766
23395	38581
22908	38137
HUMAN69693	43556
23218	38505
23276	41458
22937	35529
6599	41942
10201	32396
51372	5740834
51372	50364
65010	39996
1951	36125
51517	31729
5576	36041
788	33470
10425	37542
25915	37783
3615	43873
5859	45786
3913	34068
HUMAN70038	34474
275	34474
63891	41826
29925	40599
84315	33689
10181	33304
10181	33305
7866	33489
51364	39481
10641	32677
11070	33904
51409	33902
1795	43404
7873	41983
29890	35756
9730	37462
23132	37860
2912	43838
9136	3346176
HUMAN70371	42728
HUMAN70371	41274
1849	40081
25886	39502
211	37815
11344	41719
80335	34153
132158	33431
64943	35984
440957	50395
55193	42954
HUMAN70525	50096
6787	32097
91869	31489
7086	40012
7086	41027
93973	32769
201626	326158
378	43823
201627	31450
2317	42066
54899	35758
5162	43437
8309	37446
8309	37445
8309	31641
8618	49968
80145	38033
9861	42641
56999	41887
9223	37403
115286	43101
26018	36788
8801	44001
285203	33424
9039	36539
10550	DROME01799
5067	40553
2632	326264
25978	38599
285237	38031
2042	43803
200895	42003
285220	43803
84100	37236
1371	44701
55773	33289
56954	41121
9868	34618
84873	43678
54931	37124
6152	34754
55081	33579
22989	35007
57650	32993
257068	35295
29114	36468
29114	38490
64422	40044
91653	31229
55779	4379887
80218	44724
523	45012
523	45668
254887	33516
HUMAN71613	39098
4045	5740816
8702	43425
55254	36562
56983	326122
51300	41720
51365	33405
116064	31980
3081	34552
285282	32668
2960	39313
9515	32217
HUMAN71818	41571
6565	31340
6565	31341
131076	40159
3836	40160
54437	37066
10954	34750
201562	34614
8997	43974
7372	42493
84561	31082
10840	35407
79364	43924
166012	326156
5361	43832
4171	40973
29927	33905
8607	53439
60678	37444
165721	36797
7879	42841
339122	38930
100534599	40960
57461	40960
7555	37646
22820	43717
56941	41083
55764	38957
30849	41096
27032	40495
11222	32523
55	48445
23317	35939
79876	32094
55573	37987
11073	48309
58477	47283
6259	44355
6259	35207
2047	43803
55167	33565
10274	33974
4690	33262
51163	38900
HUMAN72543	36671
5291	42446
56945	43345
349565	42987
64084	43824
55186	33350
92369	35478
92370	33396
9616	36246
483	35408
483	33953
483	33952
256356	38364
54464	32935
5357	32721
23350	37381
285195	33939
5352	39265
57047	326186
5359	326186
389158	38362
51122	42184
83939	40431
51714	33725
646951	39261
116931	44830
5912	37850
9197	39876
8833	45830
6747	34314
79674	38785
85476	34004
64747	33685
64747	38808
HUMAN73148	35349
57560	35349
10051	35001
3840	41158
51068	31195
5276	326261
11235	41876
7095	34333
5584	47594
57709	32986
56648	37846
23043	44030
5337	35554
22871	37854
79718	33212
64393	38060
55669	31581
59345	32544
86	36956
57129	41141
4711	46260
8975	38375
339829	40595
8087	37528
131118	39294
23200	32610
23200	32609
54165	39685
56922	43750
HUMAN73652	36281
55486	36281
HUMAN73696	31156
1857	32078
1173	42642
55324	40131
10195	37754
110599583	33005
9718	33005
5708	40174
1181	41428
5437	40415
8646	32498
2049	43803
64110	40860
23355	38735
10644	32009
6434	36619
51726	33220
1974	33835
5984	32763
116832	37849
84239	317815
4976	36578
1370	39144
55341	31097
23527	42735
HUMAN74143	19835738
HUMAN74143	318737
200931	40070
5130	38180
255758	39668
255758	41222
26043	33719
200933	36460
22916	42166
80235	19835548
4241	39435
1739	32083
622	36293
84859	35041
6165	40654
HUMAN74379	49580
54872	35685
521	41745
10336	48903
2580	40527
3425	34544
1487	41602
10296	326135
92305	40555
2261	39564
7468	43351
HUMAN74677	37230
10227	42500
8602	46201
6002	42672
4043	41205
166793	317867
53407	42933
7466	42679
55330	39219
80273	36508
8310	33898
9948	39505
57545	36982
5860	39050
64151	36440
HUMAN75041	36746
1665	35654
51091	40681
55300	40670
29063	36623
29945	31835
3516	34881
886	32864
55296	33750
55276	35923
81793	34235
92689	41907
51088	31873
57728	37245
5981	40607
6133	34526
11019	40259
7358	38760
201895	37918
3093	39133
23244	36286
55161	33859
10463	36393
10396	36488
60558	3771960
132789	33783
2560	32554
57205	2768929
152518	38518
152519	34681
285527	39122
54940	37637
23142	40231
6443	41525
64854	42702
81608	40569
26511	43290
79644	34136
55763	39940
9662	39647
57482	38491
132949	34175
5471	38753
5471	40935
10606	32228
6731	42439
84273	37075
5431	41721
2044	43803
7367	41334
79799	35105
79799	37420
79799	37421
79799	53504
10720	DROME09485
10720	53507
10720	42538
54490	41333
7363	246614
10941	DROME09485
10941	53507
10941	42538
574537	DROME09485
574537	53507
574537	42538
4589	39706
57050	31447
92597	42634
285521	39044
HUMAN75903	47895
9908	47998
8615	31698
5470	40224
55153	35925
53371	36360
950	38252
55752	42438
246175	42880
65008	40980
152559	41784
84779	39175
2712	43913
255119	33787
255119	41619
153020	2768961
3184	41666
9987	41666
58478	40630
79966	117369
79966	41536
22872	35877
51138	35759
HUMAN76252	40988
113510	38905
51023	43609
4825	41697
1040	43950
23001	33819
5602	44801
4299	37063
53343	39854
8916	38151
8916	38151
56916	34311
8633	36703
5161	31406
5910	35609
10098	33838
1977	45525
23173	42943
128	41311
93587	33134
4547	35362
8649	35055
3015	43229
5530	8674098
5530	32624
4790	41087
4126	40524
7323	41785
493856	43459
1062	3771934
1062	53561
27068	37922
57117	43227
79807	35150
93627	31422
9255	35892
9061	40167
6164	41120
6164	43169
58505	33554
64850	39530
84570	7354466
54433	37397
79071	39860
2028	41634
2028	41635
HUMAN77055	44900
817	43828
64579	38736
133022	31042
9348	38736
57721	34138
9871	33409
4085	38656
5393	32665
84162	35026
166378	34680
79633	33627
27152	40246
22824	39557
10733	40384
256471	38813
80167	317860
25819	37748
80155	32934
255520	40852
23158	40361
27309	43384
8821	2768892
84640	36361
8467	36390
10393	36975
6059	39027
4086	33529
11157	37372
5458	47080
166614	3355134
987	44531
10586	44127
10586	31533
6189	43768
5188	42861
285533	32765
5356	32168
2983	43682
6999	32026
2891	38742
2891	44484
59350	43098
2110	36031
5481	39121
92345	35125
84076	40012
84076	41027
55319	32440
201931	42125
2713	43913
HUMAN78036	42945
57630	36990
1182	39759
54969	40718
442117	261610
442117	38346
51809	32836
3248	39812
2823	40383
60559	42885
175	35989
175	37211
55714	40464
55714	32183
HUMAN78232	40222
80014	41783
201965	35127
2180	40056
HUMAN78321	31704
285440	43663
HUMAN78431	40191
2483	40228
6389	37228
10016	3355106
11336	37142
11076	39813
65980	34062
9319	41013
10723	37800
81037	32267
79888	31899
4726	33744
84246	39777
54888	45064
108	40180
9037	37066
134145	42519
22948	36308
10299	38300
1611	36224
1767	41171
7204	43974
90441	32770
29102	35747
55322	40083
64083	33402
54545	32408
51663	39764
10923	34120
6897	45784
23600	35337
5810	33440
55299	326206
134218	37992
64902	40492
92255	41123
133686	35918
9631	34527
55100	37768
5734	39966
5562	43904
HUMAN78988	32446
133558	53436
345557	35295
5019	38261
3157	44154
64417	38461
10884	32530
53918	34286
4724	32936
23517	48782
8611	35966
115827	36127
79993	40567
79993	40943
3796	32049
27292	43429
51194	36732
10283	39331
23398	37926
80006	34373
54557	35052
140890	34312
891	32551
1022	31441
102157402	36379
728340	40509
8293	8674030
6607	39844
8293	8674030
6607	39844
2966	40509
64087	59261
4131	32939
3842	38721
115548	261329
84135	31213
84340	42670
10412	34419
3156	42803
10087	38928
1393	43614
55109	36689
HUMAN79768	36689
HUMAN79771	37741
8622	37741
6902	43737
8546	31381
9522	32470
10184	37991
345778	41152
7060	33941
167555	34086
1719	42003
1160	41922
23635	42177
6228	36576
153339	50363
1350	50246
5921	32569
902	40429
153396	39250
10622	39941
7025	41491
83989	41495
79772	37165
9652	35921
1105	33505
23262	33137
64839	39311
4124	41126
91137	35081
91137	32564
HUMAN80254	41647
6728	38815
7905	36569
7905	43115
5229	33704
56929	41816
100302736	32140
1036	37139
9140	39383
1176	43943
285605	40873
1657	31557
25816	37751
3295	32582
94033	32260
6643	33560
1456	49701
501	40097
51808	35926
4001	33782
4001	36615
84466	38218
6558	39410
337876	32497
3094	33471
56990	40685
HUMAN80614	40056
23305	40056
8974	43620
HUMAN80667	37564
10111	37564
11127	38611
27089	39950
54819	41940
3308	39557
7416	34500
6500	31016
7320	40610
51128	42615
10802	36025
9879	32464
7045	41455
4090	33529
27039	40116
27039	31246
10902	43460
8697	35315
1958	31912
2107	40240
3313	36583
1495	40517
64374	43034
51247	41591
7322	41785
5813	43797
5201	33857
4695	50178
3550	41091
54853	41419
3035	32841
23438	32841
153527	38520
56129	43033
56128	43033
57717	43033
56125	43033
56123	43033
56122	43033
83884	31990
1729	35340
8841	44446
89848	39052
10007	33783
81555	34696
51520	326262
HUMAN81530	35235
54439	35235
10915	40785
5521	47877
22885	261629
1452	32221
6208	47218
6208	47218
3340	38736
55696	40529
51164	35709
285641	39231
206358	34160
2196	40191
6678	43230
475	326216
56923	41713
10827	41907
55568	261610
55568	38346
79685	32664
10826	32300
9337	39366
HUMAN81978	32662
285643	31240
6444	31129
9443	41288
3702	34132
26999	41861
8728	3772109
54974	34876
134510	42726
7265	41993
79616	38428
10569	43427
23120	2768929
57451	40464
57451	32183
23286	41783
5917	32539
79646	46234
6586	36746
1794	42817
64901	118436
23291	42504
92181	40647
54492	41085
8992	42041
662	40724
94081	40552
84321	40983
51491	43735
192286	32599
1212	40221
23197	35129
253314	38878
253314	38743
26262	33838
90249	36703
27166	35969
10960	42872
51428	40530
54732	41177
54732	318890
11285	42991
55651	44005
64396	35864
3182	41666
80230	43277
3187	41431
821	32620
821	32180
11282	39608
23061	40361
255426	2768961
9945	43373
9945	3354921
57472	42880
4245	37323
10399	34070
55770	33563
135458	40598
2762	33716
670	42645
7280	41124
347733	41124
26240	43347
8899	38032
10455	38100
57128	31186
10667	36547
6239	31391
6745	326234
83732	39309
654	37778
81567	32124
9521	246507
51000	39914
55003	32463
51522	37761
81853	37761
4739	38021
100113407	36137
51256	42869
54438	33356
29116	37575
9972	32630
63971	36718
154141	36045
1871	35381
54901	36954
7915	43092
9856	38893
55856	38325
55856	38323
221613	318855
221613	318855
221613	318855
221613	318855
221613	318855
221613	318855
221613	318855
221613	318855
221613	318855
221613	3772346
221613	318855
221613	318855
221613	318855
221613	3772346
221613	318855
221613	318855
221613	3772346
221613	318855
221613	318855
221613	318855
255626	3772299
255626	3772299
255626	3772299
255626	3772299
255626	3772299
255626	3772299
255626	3772299
255626	3772299
255626	3772299
255626	3772299
255626	3772299
255626	3772299
255626	3772299
255626	3772299
255626	3772299
255626	3772299
255626	3772299
255626	3772299
255626	3772299
255626	3772299
255626	3772299
255626	3772299
255626	3772299
10050	37626
10050	37624
10050	35521
10050	3354861
10050	37622
10050	37623
10050	43761
6568	35745
10786	37626
10786	37624
10786	35521
10786	3354861
10786	37622
10786	37623
10786	43761
3024	3771911
8360	41773
8360	41773
8360	41773
8360	41773
8360	41773
8360	41773
8360	41773
8360	41773
8360	41773
8360	41773
8360	41773
8360	41773
8360	3772129
8360	41773
8360	3772129
8360	41773
8360	41773
8360	41773
8360	41773
8360	41773
8360	41773
8360	41773
8360	41773
8360	41773
8360	41773
8360	41773
8360	41773
8360	41773
8360	41773
8360	41773
8360	41773
8360	41773
8360	41773
8360	3772129
8360	41773
8360	3772129
8360	41773
8360	41773
8360	41773
8360	41773
8360	41773
8360	41773
3018	3772299
3018	3772299
3018	3772299
3018	3772299
3018	3772299
3018	3772299
3018	3772299
3018	3772299
3018	3772299
3018	3772299
3018	3772299
3018	3772299
3018	3772299
3018	3772299
3018	3772299
3018	3772299
3018	3772299
3018	3772299
3018	3772299
3018	3772299
3018	3772299
3018	3772299
3018	3772299
8360	41773
8360	41773
8360	41773
8360	41773
8360	41773
8360	41773
8360	41773
8360	41773
8360	41773
8360	41773
8360	41773
8360	41773
8360	3772129
8360	41773
8360	3772129
8360	41773
8360	41773
8360	41773
8360	41773
8360	41773
8360	41773
8334	318855
8334	318855
8334	318855
8334	318855
8334	318855
8334	318855
8334	318855
8334	318855
8334	318855
8334	3772346
8334	318855
8334	318855
8334	318855
8334	3772346
8334	318855
8334	318855
8334	3772346
8334	318855
8334	318855
8334	318855
8360	41773
8360	41773
8360	41773
8360	41773
8360	41773
8360	41773
8360	41773
8360	41773
8360	41773
8360	41773
8360	41773
8360	41773
8360	3772129
8360	41773
8360	3772129
8360	41773
8360	41773
8360	41773
8360	41773
8360	41773
8360	41773
8360	41773
8360	41773
8360	41773
8360	41773
8360	41773
8360	41773
8360	41773
8360	41773
8360	41773
8360	41773
8360	41773
8360	41773
8360	3772129
8360	41773
8360	3772129
8360	41773
8360	41773
8360	41773
8360	41773
8360	41773
8360	41773
8351	3772149
8351	3772149
8351	3772149
8351	3772149
8351	3772149
8351	3772149
8351	3772149
8351	3772149
8351	3772149
8351	3772149
8351	3772149
8351	3772149
8351	3772149
8351	3772149
8351	3772149
8351	3772149
8351	3772149
8351	3772149
8351	3772149
8351	3772149
8351	3772149
8351	3772149
8351	3772149
8360	41773
8360	41773
8360	41773
8360	41773
8360	41773
8360	41773
8360	41773
8360	41773
8360	41773
8360	41773
8360	41773
8360	41773
8360	3772129
8360	41773
8360	3772129
8360	41773
8360	41773
8360	41773
8360	41773
8360	41773
8360	41773
8351	3772149
8351	3772149
8351	3772149
8351	3772149
8351	3772149
8351	3772149
8351	3772149
8351	3772149
8351	3772149
8351	3772149
8351	3772149
8351	3772149
8351	3772149
8351	3772149
8351	3772149
8351	3772149
8351	3772149
8351	3772149
8351	3772149
8351	3772149
8351	3772149
8351	3772149
8351	3772149
8351	3772149
8351	3772149
8351	3772149
8351	3772149
8351	3772149
8351	3772149
8351	3772149
8351	3772149
8351	3772149
8351	3772149
8351	3772149
8351	3772149
8351	3772149
8351	3772149
8351	3772149
8351	3772149
8351	3772149
8351	3772149
8351	3772149
8351	3772149
8351	3772149
8351	3772149
8351	3772149
8360	41773
8360	41773
8360	41773
8360	41773
8360	41773
8360	41773
8360	41773
8360	41773
8360	41773
8360	41773
8360	41773
8360	41773
8360	3772129
8360	41773
8360	3772129
8360	41773
8360	41773
8360	41773
8360	41773
8360	41773
8360	41773
29777	318161
8360	41773
8360	41773
8360	41773
8360	41773
8360	41773
8360	41773
8360	41773
8360	41773
8360	41773
8360	41773
8360	41773
8360	41773
8360	3772129
8360	41773
8360	3772129
8360	41773
8360	41773
8360	41773
8360	41773
8360	41773
8360	41773
85235	318855
85235	318855
85235	318855
85235	318855
85235	318855
85235	318855
85235	318855
85235	318855
85235	318855
85235	3772346
85235	318855
85235	318855
85235	318855
85235	3772346
85235	318855
85235	318855
85235	3772346
85235	318855
85235	318855
85235	318855
7738	34706
8351	3772149
8351	3772149
8351	3772149
8351	3772149
8351	3772149
8351	3772149
8351	3772149
8351	3772149
8351	3772149
8351	3772149
8351	3772149
8351	3772149
8351	3772149
8351	3772149
8351	3772149
8351	3772149
8351	3772149
8351	3772149
8351	3772149
8351	3772149
8351	3772149
8351	3772149
8351	3772149
8331	318855
8331	318855
8331	318855
8331	318855
8331	318855
8331	318855
8331	318855
8331	318855
8331	318855
8331	3772346
8331	318855
8331	318855
8331	318855
8331	3772346
8331	318855
8331	318855
8331	3772346
8331	318855
8331	318855
8331	318855
8360	41773
8360	41773
8360	41773
8360	41773
8360	41773
8360	41773
8360	41773
8360	41773
8360	41773
8360	41773
8360	41773
8360	41773
8360	3772129
8360	41773
8360	3772129
8360	41773
8360	41773
8360	41773
8360	41773
8360	41773
8360	41773
8360	41773
8360	41773
8360	41773
8360	41773
8360	41773
8360	41773
8360	41773
8360	41773
8360	41773
8360	41773
8360	41773
8360	41773
8360	3772129
8360	41773
8360	3772129
8360	41773
8360	41773
8360	41773
8360	41773
8360	41773
8360	41773
8351	3772149
8351	3772149
8351	3772149
8351	3772149
8351	3772149
8351	3772149
8351	3772149
8351	3772149
8351	3772149
8351	3772149
8351	3772149
8351	3772149
8351	3772149
8351	3772149
8351	3772149
8351	3772149
8351	3772149
8351	3772149
8351	3772149
8351	3772149
8351	3772149
8351	3772149
8351	3772149
8360	41773
8360	41773
8360	41773
8360	41773
8360	41773
8360	41773
8360	41773
8360	41773
8360	41773
8360	41773
8360	41773
8360	41773
8360	3772129
8360	41773
8360	3772129
8360	41773
8360	41773
8360	41773
8360	41773
8360	41773
8360	41773
8351	3772149
8351	3772149
8351	3772149
8351	3772149
8351	3772149
8351	3772149
8351	3772149
8351	3772149
8351	3772149
8351	3772149
8351	3772149
8351	3772149
8351	3772149
8351	3772149
8351	3772149
8351	3772149
8351	3772149
8351	3772149
8351	3772149
8351	3772149
8351	3772149
8351	3772149
8351	3772149
2550	34878
30834	42563
6992	33853
2794	35338
23	32112
8449	35192
11270	42128
10211	36726
780	3346209
2968	39688
394263	26067064
7919	33781
534	42341
HUMAN83953	38844
7918	36696
HUMAN83988	32132
HUMAN83991	32132
7920	38519
7407	45783
57819	39408
80736	43440
221527	41423
HUMAN84097	38982
6499	42813
1797	2768882
9374	34564
HUMAN84158	34564
10554	32230
5089	32567
6257	31165
7922	48805
7923	31289
6293	33774
6222	37292
9277	31732
10471	40176
9278	34560
84300	54520450
6204	43321
6204	32953
29993	42467
6631	42274
54887	318872
HUMAN84430	42764
4736	39338
7005	32536
6732	DROME10959
1432	34780
1432	42866
27154	35648
11329	40165
6428	41294
401258	37132
51645	38069
23787	38026
23070	31355
114781	32000
2739	35656
23500	31075
4337	39238
221443	40340
705	31701
129685	32792
2978	40187
23304	32687
6903	319048
27232	41561
5528	42169
116138	31799
88745	41758
HUMAN84872	39253
51069	39253
5754	36283
89845	34140
9533	33712
57510	32970
54676	40733
221421	318950
64928	31222
2030	33207
3326	38389
347734	42115
202500	42123
988	38062
8464	41461
10231	47384
9481	32764
6005	38589
5232	33461
HUMAN85169	31449
26268	41541
2729	53581
27283	37537
54511	33978
653	37778
9532	39679
51715	40701
5558	44915
7803	34952
57579	38142
135152	251900
55510	40959
25821	37571
135228	34937
135228	35248
55754	32615
4646	42889
55023	42898
6785	317841
6785	39245
594	3355069
25998	36824
23033	37176
5238	39434
112611	246548
4199	47173
9892	41474
9892	32363
51167	37227
4907	36969
4907	36968
4907	246458
154313	37334
154313	37334
57038	40929
23595	36454
55122	38821
8732	32379
58528	35793
57226	5740848
23195	36268
2045	43803
23376	40843
9457	246501
9457	32656
29078	41227
253714	31142
26235	32378
51805	35383
25957	41443
85015	31458
892	41801
10973	41891
5550	35435
5550	34421
9474	31666
84816	33521
55278	42283
57107	40323
11231	38819
246269	36357
84071	318147
27244	37755
6610	38396
9841	48317
HUMAN86063	33658
8936	34519
51362	42593
262	34396
84154	42183
117247	45883
3066	38565
221294	38148
100128327	39090
51389	42875
345895	37831
3841	40160
6098	32039
116150	33298
25842	40141
4121	31957
57515	39827
2173	3772232
10345	33244
135112	45467
135114	3885570
60487	40564
383	46717
9439	37639
26002	39758
8417	36173
6206	39480
10767	117365
4217	42366
5191	38994
57221	31537
85021	34542
51534	38204
51390	33197
51390	33198
51390	39277
134637	42079
8504	39652
2519	3772574
84946	36146
83443	50007
7402	42327
134957	32217
387082	33981
11104	53566
348995	42209
5110	40668
389434	39242
79624	34907
79624	37514
79624	37515
80129	35117
54516	34720
51106	8674019
57492	42130
729515	32101
84947	35123
404672	7354403
56995	43317
57583	42592
6993	42199
83861	38751
6648	36878
39	38147
6950	42649
29074	36406
4216	42253
56895	39820
56895	39819
5071	40336
135138	37248
113402	40280
51660	42268
6196	33139
54346	32682
5689	39855
5134	45021
5575	40305
54919	318680
51608	40557
90639	8674001
79778	39475
26173	37840
7975	37336
8379	35954
29960	42359
8662	36981
3955	40314
2768	3355131
221935	31017
221938	31656
26100	38913
222962	39461
60	35526
60	31521
6624	31717
51622	38455
5395	36705
7965	39690
HUMAN87780	35425
5879	38831
5879	38146
11014	34427
79034	40257
54753	38436
51622	38455
56913	34215
54468	33399
4697	317928
57037	39210
27075	43241
221823	39132
9734	32278
221830	33963
340273	36428
6671	41981
54543	35899
10643	32009
29896	36619
51678	35343
54205	34996
3209	45396
11112	37166
54504	42360
HUMAN88274	31473
1124	31473
HUMAN88292	40851
55033	37449
79017	317908
79017	40017
2617	39644
1395	36601
1395	36368
HUMAN88384	36475
23658	38693
23080	32315
51251	37875
27241	37439
168667	45280
23333	32854
HUMAN88498	35801
9844	34633
27072	3355130
5898	31332
79783	42432
79020	38094
5683	41531
5683	41531
64951	42870
28988	39520
5224	43447
5224	46246
5425	38228
HUMAN88765	44008
10652	31706
816	43828
23386	318645
54606	33118
222068	41177
222068	318890
4967	39899
94239	43229
5814	43797
64005	34445
3364	40598
7378	37644
1644	35190
23480	36310
23480	32968
1956	37455
2631	32573
5723	39085
908	32518
HUMAN89087	32120
51142	32701
168417	318709
2990	37197
2990	43746
435	3771738
27342	38144
HUMAN89183	38749
55695	7354421
8468	45360
51085	35402
84277	40953
114049	40952
6804	42854
HUMAN89295	31663
5982	38492
81554	33261
3092	39450
HUMAN89433	33883
83862	31270
4191	42185
113878	31589
10875	40190
54103	35200
57157	35583
2770	38765
2913	43838
54677	43332
55972	40915
55972	3772641
85865	35263
8321	45307
257415	31585
55610	37021
10282	40094
1278	43930
64921	31347
HUMAN89899	34135
1780	318231
1780	318231
1780	26067076
1780	2768883
1780	318231
1780	2768886
1780	43984
1780	44160
10165	43616
7979	50428
1750	2768974
25851	40229
8295	35483
57154	36999
10552	34793
11333	34257
11333	31388
8896	32069
HUMAN90110	38601
10898	33259
9551	37931
10980	42661
4176	39014
6878	40134
245812	40084
51412	36956
2783	32544
56996	35111
51593	35539
402682	246489
4584	2768980
140453	2768980
7425	319027
346606	35720
8985	39265
10467	326171
51024	49892
54784	34302
HUMAN90536	35043
HUMAN90549	35043
246721	35043
246721	35043
222234	36720
222235	41714
9512	41800
27000	40332
5701	35701
5001	34794
HUMAN90648	38251
6733	DROME10959
54517	38969
60561	38807
5577	36041
10466	35054
11062	35179
1738	39988
3912	34068
4897	31792
83943	37337
9732	43404
11179	37659
3475	33489
3475	33489
154743	37934
830	37387
136991	35795
51691	38229
3751	40129
10157	34064
93664	49968
6561	40049
6561	3772159
6561	3772456
154865	42629
4698	39214
8976	43402
136157	32973
79571	41350
27044	38045
55131	37948
3614	43873
55798	38197
HUMAN91226	38145
2318	42066
9296	36731
23534	33465
HUMAN91269	31872
340348	31244
23382	38342
57464	38412
7328	31728
84928	39930
51200	34296
26958	43717
4289	36386
91584	43832
60412	40712
84912	31553
231	39304
57016	39304
441282	39304
800	36518
23165	33002
26266	40049
26266	3772159
26266	3772456
136319	318909
136319	32894
9162	31826
8805	44235
50617	42216
79989	41905
254048	43439
154791	4379851
51631	39956
100996928	39956
23608	44131
673	31221
51650	41991
55750	326168
6742	41968
835	39173
27010	41417
26047	39387
8454	35742
2146	39203
HUMAN91969	40389
HUMAN91969	38521
4846	34495
11194	32208
1020	36727
6522	39147
116988	34803
392843	41154
10061	32508
10061	32508
54480	32259
51667	43085
51667	33094
6009	117332
63917	48775
57180	38898
155435	32017
6469	42737
64327	42956
64434	38303
9690	37876
10049	36797
57488	42929
55112	36801
26260	39319
79648	36272
8658	43095
66036	39026
1508	32341
85002	32916
653333	32916
137868	31129
7991	34137
286097	42357
51201	36043
29883	39366
9108	37707
55790	36079
55174	38444
4023	41954
6570	3346192
23039	118436
649	42945
661	40002
23221	40249
91782	40250
51312	43353
80005	42817
54793	40558
64641	45318
5520	47877
55246	31649
55872	32753
55140	33649
2137	37198
55756	39763
23484	246605
10671	35195
2961	38527
5516	45959
84750	34260
84549	31818
HUMAN93371	36703
80139	34847
11212	43588
1978	33569
9070	42936
27257	37413
84513	40672
54904	43351
2260	39564
83877	32342
51125	43192
84296	43166
286	43770
10947	31647
7419	34500
84376	35169
2339	33682
138050	31423
HUMAN93743	40032
HUMAN93766	35679
7336	38613
79645	40811
79645	41580
79645	40809
79645	40810
51606	34997
6917	34883
10434	59176
29088	40261
137695	32072
6224	42464
4342	36404
79145	50107
54928	32279
5862	35577
8836	317887
7274	35226
23212	318016
137872	37551
10987	42000
10565	34785
23213	53437
23471	31042
51110	34106
389668	318096
8989	39015
6129	34352
HUMAN94277	36129
55284	36129
6921	37237
54968	38857
54332	38597
51050	318150
5828	38941
3612	40346
347051	32472
1875	35381
759	34786
760	34786
55529	39168
HUMAN94623	39671
862	37886
91147	42443
54704	31683
25962	47869
55656	36886
137682	32151
79666	31105
7381	43369
7381	32586
51001	40279
9791	40281
6156	44059
10247	34897
10940	31475
116039	42391
157680	43550
1345	46040
5440	5740790
7534	36059
51123	39726
51123	39725
83988	40186
51366	41181
51582	35767
51582	35766
81034	35941
HUMAN95087	35941
HUMAN95093	39669
1807	40675
55074	45467
3646	39877
9694	42045
9694	42046
84955	32141
56943	45848
HUMAN95261	45682
84294	33353
2131	36614
6873	39164
79075	37295
28998	35145
79139	33369
55093	36743
114907	39319
157769	39267
654463	39016
83940	35604
4715	34747
9897	39766
51571	39206
50807	35783
114	40333
23167	35865
23639	33130
10397	37451
51059	38142
51305	41125
51305	41671
83696	35325
54108	32166
27161	36544
5747	37233
11156	34952
51337	31541
114822	32531
93100	33626
HUMAN95916	42106
7264	37638
286075	41165
22827	38173
340371	40710
2907	36419
26873	37569
54512	34721
1537	38612
1537	43457
HUMAN96040	3354925
51236	43180
727957	53436
23246	37036
8694	44887
26233	36201
203054	39260
29894	44250
51160	47408
4796	38865
50626	38367
414919	246389
6132	44251
100287171	36311
81704	33165
6595	39744
7436	2768687
7436	43105
9933	33112
403313	318911
50808	41318
10171	32338
3717	32080
55848	32382
57589	40456
79956	37226
79956	246416
79956	37225
79956	36343
79956	36342
79956	37223
79956	246412
26953	40581
2731	41253
5789	35259
6456	42265
92949	35424
10670	41071
55667	31800
6194	31700
340485	250736
25769	45248
4507	36955
1993	32245
9373	43978
79817	34372
48	41269
48	42689
138474	40813
3301	41646
55234	42272
51510	39964
4799	34888
65083	41973
54926	39691
55833	35771
25853	41460
318	318908
57462	43072
27019	37374
138716	35574
2592	33935
25822	33308
25822	38643
7415	36040
84720	37118
30968	37807
730112	36202
7169	41853
7169	41852
7094	38978
57704	34835
9827	40622
4882	41927
8434	39629
152007	40806
9380	40708
51010	319033
79937	39387
728577	39387
5239	44010
23137	326215
51104	326251
9615	40528
7763	41114
6096	36073
138199	31158
55312	40936
23230	35693
2776	36384
29968	46391
29979	32977
55582	35653
84267	37431
3190	43862
60560	37866
81689	32513
23552	42562
53358	44052
1164	34250
1164	41034
54769	41203
549	36392
4920	34367
10558	36448
3376	45785
23299	35051
4814	41568
8789	35265
2203	35265
5727	35851
3293	35022
7111	43633
4686	44409
7507	31357
54187	41528
9568	42561
1306	38769
85365	38374
10952	46080
55014	38541
23071	32588
54534	38796
229	43189
56254	38652
10592	36653
19	39971
19	33103
23446	38523
55151	32606
5887	43785
8518	41399
54942	41689
8727	49713
23731	40945
5774	38059
7295	34281
7295	31443
23392	36319
548645	32493
7357	37516
84263	43325
1317	31601
9128	39955
81932	31385
210	39402
54107	3772329
9550	42341
5711	32269
51552	34840
HUMAN98237	46008
4702	37946
92400	32394
92399	39067
5082	39694
23637	38945
5695	39628
11224	31483
81873	33444
2800	36492
286205	38695
5537	31582
3309	32133
26130	32070
79109	36604
5090	32567
9649	36881
29988	36249
6136	45329
6812	38493
27433	31399
10044	33840
1025	37586
2356	32212
203	39396
114789	39415
80142	39856
1759	45928
2801	37524
26995	35537
51117	261607
10999	26067068
10999	37657
81605	2768949
51148	319025
6709	38231
6418	41844
10444	192509
54662	38987
2021	36309
51490	36042
254295	41275
23511	36397
56904	37218
84895	31775
1384	40787
1384	42074
5524	33555
28989	36022
27348	31399
1861	31399
51759	38207
10868	36580
23048	38534
23413	32797
23413	32799
445	40812
23404	37731
25	36002
10319	39118
8021	46091
84814	318911
10585	39297
83549	42894
9442	40696
7248	42862
9328	35193
5900	44115
HUMAN99093	44115
6837	31038
6130	31588
6834	44498
6836	41864
11094	39720
1621	31718
1757	37026
7410	32920
11091	53428
6256	31165
51116	33688
157922	36978
169714	36464
169714	42583
23203	35748
4851	31293
85014	8674037
29085	43569
8721	39842
54461	33854
89958	37957
11253	43436
2902	40665
29882	45906
94107	338392
27158	38956
10383	41124
25920	31681
54932	35385
375775	31716
92715	31608
92714	41317
92714	40922
HUMAN99520	32158
4535	19893558
4536	19893529
4512	19893533
4513	19893535
4508	19893539
4514	19893540
4537	19893542
4539	19893552
4538	19893551
4540	19893549
4519	19893556
8225	43081
8226	33653
6907	33212
HUMAN99688	41783
1183	39759
3052	42590
10943	38779
5634	39132
9367	35221
10597	39769
2824	40383
2742	42350
158747	38668
5277	37020
8905	42835
2925	35535
56474	39645
5256	31839
5160	31406
389840	42366
1964	44260
6197	33139
51360	36262
6611	39403
168400	40959
10549	53577
23597	43720
23597	43721
23597	43722
1968	41843
5165	35970
9468	38180
5422	42553
4113	40860
2710	43913
257397	37216
53940	32260
1756	42327
83604	42691
442444	39938
347404	32042
10159	41104
9282	38073
8239	43749
HUMAN100267	45826
80258	37284
80258	32528
7403	34377
84679	33939
9104	32165
8241	33304
8241	33305
7317	35998
369	31221
7076	41248
8409	34893
24140	42056
64840	32818
7454	43402
10013	32461
10245	3355107
7355	31255
11230	DROME01799
27238	42028
28952	39888
389856	40030
1184	39759
170685	39226
55190	39226
23708	34658
8242	33837
8243	42853
3028	32789
10075	32510
90121	43167
54552	42060
7216	40860
212	37815
10325	41071
29978	32977
158584	36340
7789	43924
55613	37707
55906	32684
4478	31816
286451	33643
139562	39671
3476	326166
347516	35718
24137	31240
29934	41551
9968	44830
54413	40912
6872	40813
8473	35486
HUMAN101225	43044
6191	39484
5255	31839
53344	43290
389874	37646
6567	45883
22	38193
139596	38655
HUMAN101376	34137
538	32142
5230	33461
441531	43447
441531	46246
254065	42898
1538	36517
27330	33139
1121	37246
HUMAN101474	35340
29935	35364
1478	42239
59353	38203
HUMAN101536	34098
100529097	34098
2717	36829
3188	41431
728343	43944
728343	43944
282808	32195
56000	43944
142684	32195
51209	35221
54885	40361
139212	39598
5631	39132
115201	33283
1287	33727
55916	37769
HUMAN101831	46068
84187	35531
5063	41995
79868	43443
7224	34991
57631	35041
5358	32721
HUMAN101955	34030
10857	32548
63932	34788
7319	40610
6170	37849
65109	37792
7737	42397
79576	43267
8450	35780
28985	31536
2747	42832
2892	38742
2892	44484
331	36748
10178	40464
10178	32183
340578	41460
139170	41460
6594	36390
4952	31157
10813	39689
9131	33390
9016	39322
2239	39596
93380	35159
HUMAN102307	33939
680	35535
286410	32610
286410	32609
HUMAN102422	34849
HUMAN102422	32358
2332	37528
3423	38423
84548	32908
9248	31168
1069	3355126
728317	34131
492	43787
92002	14462485
10134	38096
215	43772
3421	43102
6748	45680
3897	31792
HUMAN102769	39175
8277	40012
8277	41027
2316	42066
6134	43864
HUMAN102857	36405
2664	34264
9130	43347
55558	43832
8266	3772662
HUMAN102922	32974
1736	37873
100272147	7354409
7411	41365
116442	31684
55217	42421
6845	36015
HUMAN103014	36311
6192	39484
7404	34377
HUMAN103082	40912
8284	33837
9086	44260
140032	39484
8214	3772583
HUMAN103186	33117
HUMAN103192	38302
	NULL
